id,1990,1991,1992,1993,1994,1995,1996,1997,1998,1999,2000,2001,2002,2003,2004,2005,2006,2007,2008,2009,2010,2011,2012
AFG,,,,,,,,,,,,,,,,,,11.023,,45.1943,1.1023,,2.2046
ALB,,,33065.6931,,,,,,,,,,,,,,,,,,,,
DZA,,100.3093,,29.7621,,,,,28.6598,,,9.9207,7.7161,,,11.023,,,,,,,
AND,,,,,,,,,,,,,,,,,,,,2.2046,,,
AGO,,,,88.184,,,,,31.9667,,,498.2396,,,,,284.3934,7.7161,5501.5793,135.5829,,71.6495,236.9945
AIA,,,,20.9437,,57.3196,,4.4092,5.5115,2.2046,,2.2046,42.9897,41.8874,1.1023,1.1023,71.6495,,1.1023,44.092,,,
ATG,11.023,25.3529,97.0024,41.8874,198.414,45.1943,41.8874,58.4219,19.8414,,19.8414,2.2046,15.4322,,,14.3299,,104.7185,292.1095,37.4782,1118.8345,158.7312,144.4013
ARG,127946.1656,192194.8234,261803.9661,241361.8126,254234.472,342562.8733,772074.0683,378673.119,298442.2135,273679.044,491411.9538,540467.6107,274060.4398,602825.824,801287.2229,486457.1153,564739.1544,539495.3821,320357.0398,363970.6416,335322.9669,536961.1944,547077.0015
ABW,8.8184,117.9461,5.5115,5.5115,36.3759,176.368,27.5575,196.2094,12.1253,92.5932,68.3426,2.2046,551.15,165.345,,,97.0024,1.1023,11.023,12.1253,24.2506,451.943,12.1253
AUS,867173.8985,945495.620400001,1096396.0812,1253290.8494,1298056.3547,1347422.8602,1704185.5621,1513018.0823,1435482.3003,1327040.2309,1262193.0242,1264129.7653,977599.0056,1087891.8367,1199627.5785,1063431.7997,575110.6951,659517.113,614736.1755,479819.0647,650684.3831,477044.5756,611677.293
AUT,126094.3016,184302.3554,2684.1005,20941.4954,8479.9939,6078.0822,55.115,383.6004,264.552,,38.5805,6651.2782,131.1737,72.7518,123.4576,46.2966,5.5115,42.9897,68.3426,28.6598,162.0381,274.4727,1211.4277
AZE,,,,,,,,,,,,,98.1047,,,,,,22.046,,,,
BHS,2472.4589,3059.9848,3618.8509,2774.4891,2126.3367,901.6814,1377.875,1241.1898,1276.4634,1119.9368,2474.6635,3281.5471,1768.0892,1663.3707,1407.6371,3078.7239,3494.291,2157.2011,4011.2697,9175.5452,10848.8366,916.0113,628.311
BHR,,,116.8438,,38.5805,60.6265,15.4322,,,2.2046,45.1943,,,,,19.8414,,99.207,,,,19.8414,40.7851
BGD,86445.6729,316418.5219,137195.5649,19947.2208,57867.4431,23271.7576,173.0611,21824.4377,104395.5261,231184.2767,50372.9054,182471.4351,70262.8066,54299.298,30313.25,30312.1477,,,1.1023,,,34979.2859,
BRB,1367.9543,858.6917,47.3989,106.9231,2124.1321,749.564,745.1548,1417.5578,2412.9347,3235.2505,2377.6611,1953.2756,1014.116,3071.0078,1513.4579,2557.336,1712.9742,1623.6879,1768.0892,360.4521,1236.7806,1242.2921,300.9279
BLR,,,,,,,,,,,,,,,,,,,,,,,
BEL,1181125.473,763880.6724,157373.1664,229029.2802,377289.7325,438788.1518,33184.7415,45290.2001,4229.5251,1923.5135,37475.9954,7115.3465,3238.5574,9863.3804,7820.8185,7394.2284,1654.5523,4553.6013,6427.5113,1980.8331,67413.3611,3158.0895,1645.7339
BLZ,9463.2455,9415.8466,8885.6403,7331.3973,8203.3166,6215.8697,8247.4086,9738.8205,7847.2737,12350.1692,8011.5164,6528.9229,9715.6722,6913.6256,2287.2725,7938.7646,5359.3826,7505.5607,239.1991,6215.8697,3122.8159,8069.9383,11180.6289
BEN,,,,,,,,,,27513.408,9581.1916,9007.9956,,,,,,,,,,,
BMU,113.5369,175.2657,40.7851,98.1047,54.0127,92.5932,336.2015,330.69,675.7099,236.9945,180.7772,306.4394,504.8534,54.0127,208.3347,640.4363,182.9818,417.7717,268.9612,143.299,255.7336,220.46,85.9794
BOL,371.4751,598.5489,9936.1322,13092.0171,5388.0424,438.7154,22756.9835,29478.8089,53876.0148,18717.054,19033.4141,15012.2237,30.8644,,6699.7794,,260.1428,184.0841,13.2276,27.5575,25.3529,4.4092,40.7851
BIH,,,,,,,,,,,,,69.4449,,1047.185,,,,1102.3,,,,
BRA,896733.1753,1067468.4223,1074177.0201,1002504.3718,1406318.7492,935264.0718,1049254.0171,1304096.9587,1323699.1596,1151136.2992,1449399.9401,1600644.3185,1526028.5292,2087798.0874,1926885.4357,1157388.5448,1415252.8907,1862364.5098,869968.229,1404172.5711,1506058.1601,1879223.086,1974469.5221
VGB,5.5115,22.046,5.5115,,,,18.7391,,,,14.3299,,,83.7748,,59.5242,,42.9897,,,14.3299,55.115,
BRN,,,,,799.1675,,,,,,,,,,,,,,,,,,
BGR,,,,,,19.8414,1.1023,,,,,,,,,,,369.2705,1631.404,3787.5028,418.874,1134.2667,
BDI,3.3069,,,,,,,,,,,,,,,,,,,,,,
KHM,,,,,,,,,,,,,,,,,,,,,8.8184,,
CMR,,,,,,17.6368,,,,15.4322,9699.1377,,,,11353.69,,,,,,176.368,,577.6052
CAN,1384433.685,1242513.6623,1264817.6005,1352860.5061,1242200.6091,1264356.8391,1189930.6454,1111877.8847,1312544.9859,1203361.0686,1509997.7803,1371782.5879,1302090.7727,1442686.9331,1252950.2387,1199035.6434,1284143.1241,1688527.3906,2421810.4196,1164159.9737,1268484.9526,1849460.986,2052233.4802
CYM,59.5242,85.9794,683.426,77.161,268.9612,177.4703,354.9406,442.0223,413.3625,648.1524,665.7892,37.4782,89.2863,113.5369,13.2276,648.1524,51.8081,15.4322,34.1713,89.2863,55.115,216.0508,93.6955
CAF,,,,,,,,,,,,,,,30313.25,,,,,27721.7427,,,
TCD,,,,,,,,,,,,,,,,,,,,,,,
CHL,415934.1659,502129.6167,436432.5367,495059.4645,436169.087,317281.6228,516395.5833,276712.5736,253795.7566,203724.8814,184928.4618,114999.6521,207146.4206,269571.8742,316935.5006,314083.8505,389555.0246,308753.1277,241991.2259,106824.9953,174562.4326,200118.1558,100412.9162
CHN,3673523.8777,6378736.7296,4717428.4329,2608768.2157,6261741.9145,6882285.0064,5282072.7895,6315979.4837,5785521.8593,5073852.7287,4542058.0144,2879909.7651,4162909.8041,2867605.8925,1888151.716,1543453.6876,1075937.3932,340501.5723,87424.5153,432358.4359,141450.4429,39696.0276,76488.597
TWN,5709.914,15503.8495,92442.1849,37101.2134,45025.6481,53686.4192,64003.9472,19704.7148,121633.2935,126633.3263,41809.1367,177476.9138,34581.3556,25866.5718,19742.193,12021.6838,12169.392,20044.2232,24602.2337,1242.2921,3256.1942,6201.5398,4819.2556
CCK,,,,,19.8414,,,,,,,,,,,,,,,,,,
COL,340353.8641,294577.5497,299332.8719,375749.8194,384065.5706,363010.5383,350960.1947,396598.7216,419591.5973,407857.6138,429591.6629,427700.1161,444253.3552,404389.778,333795.1791,328799.5555,375874.3793,340839.9784,190066.2821,254512.2516,323809.4434,344035.5461,321727.1987
COG,,,,478.3982,,,,,,,2.2046,,,,,,,30.8644,,,4.4092,444.2269,
COK,,,166.4473,392.4188,,,,,,,,,,,,,,,,,,143.299,
CRI,129191.7646,186968.8191,198216.6883,183908.8343,212496.9848,178554.9632,213107.659,218753.6396,230145.9101,177338.024,144263.5125,53581.7007,106128.3417,115673.1574,106996.9541,123223.9124,105028.2463,56857.7363,65995.8033,67039.6814,40914.0691,64857.1274,31642.6238
HRV,,,,,,,,,,,,,,,,,,,,,,,
CUB,,,,,,,,,,,,,,,18.7391,9454.4271,8967.2105,,3486.5749,,,,
CUW,,,,,,,,,,,,,,,,,,,,,,351.6337,192.9025
CYP,46.2966,78.2633,90.3886,40.7851,81.5702,102.5139,126.7645,235.8922,82.6725,62.8311,63.9334,62.8311,62.8311,56.2173,77.161,76.0587,48.5012,78.2633,110.23,44.092,74.9564,39.6828,73.8541
CZE,,,,1.1023,,22.046,,3.3069,7.7161,,,,,49.6035,261.2451,392.4188,447.5338,308.644,11.023,,265.6543,438.7154,15.4322
DNK,30.8644,6656.7897,57.3196,19.8414,5166.4801,78.2633,7.7161,4.4092,,,209.437,147.7082,25.3529,1.1023,,,2.2046,6.6138,25.3529,114.6392,,261.2451,1728.4064
DJI,,,,,,,,,,28935.375,26179.625,55110.5908,,27563.0115,26893.9154,,,,,27611.5127,,,
DMA,,62.8311,,,,20.9437,22.046,45.1943,11.023,19.8414,1.1023,,6602.777,,19.8414,17.6368,,24.2506,29.7621,16.5345,426.5901,17.6368,22.046
DOM,186132.1734,173431.4728,173881.2112,119370.2716,152506.5119,176681.0532,233744.9196,206661.4086,166722.875,187012.9111,123338.5516,201870.8128,147277.2007,181580.7767,178927.5406,106726.8906,134386.9045,133988.9742,130572.9465,137537.2779,149045.2899,123851.1211,123410.2011
ECU,74958.6046,77384.7669,140622.6156,81206.441,120701.85,124889.4877,110043.7113,110203.5448,113940.3418,94787.8793,82133.4753,110324.7978,64905.6286,90848.2591,106919.7931,69216.7239,111087.5894,100081.1239,48553.0081,67609.5705,91893.2395,83876.2116,85833.8964
EGY,1811.0789,2106.4953,1.1023,105.8208,641.5386,2086.6539,716.495,763.8939,1677.7006,414.4648,427.6924,18.7391,,551.15,381.3958,476.1936,1830.9203,341.713,733.0295,649.2547,1791.2375,1113.323,156.5266
SLV,273799.1947,143610.9509,124552.1839,136620.1643,147779.8495,172064.6208,109020.7769,157246.4019,55756.5386,39085.3534,10000.0656,18.7391,267.8589,15118.0445,26130.0215,37242.3078,66179.8874,55332.1531,40939.422,44359.8589,56150.0597,40415.8295,64098.745
GNQ,,,,,,,,,,,78.2633,16.5345,,,,,,,232.5853,24.2506,8.8184,6.6138,20.9437
ERI,,,,,,,,,,,,1606.0511,,,79.3656,,,,,,,,
EST,,,,,,,,,9.9207,11.023,29.7621,50.7058,,147.7082,33.069,,7.7161,,,,,,
ETH,,,,58414.1839,23144.9931,127213.1361,97304.4302,79916.75,,33884.702,,38029.35,,,,27557.5,,,,,,,3804.0373
FJI,15021.0421,2268.5334,24422.5588,,19484.2548,31466.2558,21781.448,6546.5597,11481.5568,,,,,,,,,,,,1.1023,1.1023,
FIN,23144.9931,5.5115,6.6138,45.1943,5427.7252,1.1023,23.1483,,579.8098,56.2173,5.5115,2.2046,12.1253,,20.9437,2.2046,15.4322,2.2046,,,,,
CZE,7012.8326,,147.7082,,,,,,,,,,,,,,,,,,,,
ETH,,,,81041.096,,,,,,,,,,,,,,,,,,,
YUG,50555.8872,19937.3001,,,,,,,,,,,,,,,,,,,,,
FRA,1101737.827,1043073.421,725511.814,55269.322,161749.2974,59508.7678,48532.0644,44664.0937,2761.2615,234.7899,85039.1381,41863.1494,4032.2134,10274.5383,1084.6632,1727.3041,9388.2891,1324.9646,1440.7061,281816.2226,182048.1519,255218.8259,30405.8432
GUF,,,,,,2.2046,,,,,,,,,,,,,,,,,
PYF,40.7851,,858.6917,18.7391,4.4092,63.9334,162.0381,84.8771,18.7391,56.2173,117.9461,,,,101.4116,1.1023,35.2736,35.2736,214.9485,55.115,14.3299,11.023,13.2276
GAB,,,,,,,,,,70.5472,,,,,,,,,1609.358,,,,
GEO,,,,,,,,,,,,,,,,,,34.1713,,,,,3.3069
DEU,652564.9069,550860.0951,617140.2918,391568.9267,356042.9,63299.5775,36763.9096,1237.8829,31706.5572,10190.7635,4884.2913,9031.1439,29746.6678,931.4435,6376.8055,1143.0851,636.0271,10309.8119,12392.0566,2574.9728,5518.1138,1805.5674,616.1857
GHA,,489.4212,315.2578,298.7233,315.2578,930.3412,1.1023,2.2046,2.2046,47.3989,4.4092,4.4092,121.253,,196.2094,22.046,383.6004,306.4394,18.7391,3505.314,2204.6,17.6368,1418.6601
GIB,,,,,,,,,,,,1.1023,,,,,,,,,,,
GRC,2053.5849,2229.9529,2214.5207,1973.117,2944.2433,4050.9525,10564.4432,3751.1269,6921.3417,1541.0154,4889.8028,2854.957,3052.2687,1832.0226,1541.0154,1558.6522,857.5894,1068.1287,4139.1365,1104.5046,1377.875,198.414,197.3117
GRD,,19.8414,8.8184,,,,,2.2046,2628.9855,2.2046,,,,18.7391,,,,,,1.1023,,,
GLP,,9.9207,80.4679,,,,,3306.9,10368.2338,5401.27,6674.4265,7340.2157,7028.2648,5778.2566,4295.6631,1544.3223,3285.9563,5698.891,2421.7531,2780.0006,8754.4666,12061.3666,5156.5594
GTM,150330.5717,172535.3029,155225.886,75130.5634,124542.2632,178243.0123,182616.9387,183828.3664,171882.7413,178240.8077,185787.1535,79038.2169,37792.3555,127374.0719,134522.4874,193199.0187,192047.1152,152970.5802,66389.3244,80481.1276,125688.6552,116954.03,94559.7032
GIN,,,220.46,48.5012,,,,,,,,,,,,,,,,,,,
GUY,10704.4353,11237.9485,4966.9638,4648.3991,6417.5906,15726.5141,9251.6039,4778.4705,1808.8743,13778.75,1625.8925,4711.2302,13623.3257,19031.2095,27.5575,5615.1162,15360.5505,3339.969,9683.7055,9973.6104,5035.3064,9804.9585,14197.624
HTI,88.184,51.8081,5211.6744,2.2046,1241.1898,386.9073,8043.4831,8438.1065,3413.8231,8576.9963,311.9509,9646.2273,499.3419,521.3879,138.8898,406.7487,3177.9309,348.3268,552.2523,842.1572,868.6124,868.6124,643.7432
HND,35031.094,44822.8249,36192.9182,64563.9156,53917.9022,86685.9743,43961.9286,77034.2355,91079.7421,53815.3883,87931.5733,80450.2632,60369.6641,45392.714,60380.6871,60201.0122,95417.2926,52903.7862,52429.7972,78843.1098,102088.4122,119346.021,116969.4622
HKG,32544.3052,60.6265,223.7669,24593.4153,317.4624,1753.7593,622.7995,1124.346,792.5537,938.0573,909.3975,62998.6496,16904.8728,2595.9165,855.3848,865.3055,1294.1002,1545.4246,735.2341,397.9303,450.8407,449.7384,597.4466
HUN,,,940.2619,,,19.8414,4.4092,4.4092,,,2.2046,17.6368,185.1864,11.023,,1.1023,1.1023,205.0278,,29.7621,135.5829,723.1088,
ISL,,,,,,4.4092,,,3.3069,,23.1483,,,1.1023,,60.6265,31.9667,4.4092,4.4092,,,,63.9334
IND,2398605.9023,2648995.5519,2279429.6355,1793913.8844,1174696.8594,2004262.4865,670145.4896,1607544.7165,1649945.7883,2897714.1147,614854.1216,701802.4433,222112.3477,676087.9889,603273.3578,1941576.8901,2622357.3701,2212714.0303,3702802.068,4035218.2698,3312178.9147,2967702.4486,1767570.0167
IDN,150559.8501,73852.9977,289430.911,151172.7289,78762.6419,48147.3617,46018.8204,14587.8382,33179.23,6306.2583,22332.598,341.713,383.6004,1020.7298,6386.7262,505.9557,1479.2866,367.0659,680.1191,112.4346,659.1754,1890.4445,283.2911
IRN,272918.457,,309200.6615,34780.8719,209528.4909,297223.0697,,,,,,,,,,,,,,,244.7106,126.7645,
IRQ,,,,,,,,,,,,,,,,,,,,,,,
IRL,26699.9106,53791.1377,22302.8359,40559.1285,29775.3276,2393.0933,5390.247,1129.8575,318.5647,1736.1225,5305.3699,537.9224,751.7686,893.9653,1180.5633,1513.4579,1487.0027,2908.9697,4250.4688,2046.9711,3199.9769,1523.3786,1133.1644
ISR,543.4339,795.8606,264.552,341.713,488.3189,1843.0456,947.978,823.4181,364.8613,16046.1811,43366.6866,1851.864,595.242,890.6584,88.184,1295.2025,1365.7497,990.9677,4033.3157,2497.8118,1997.3676,1679.9052,3272.7287
ITA,196331.7553,152135.0368,89499.0439,38439.4056,73558.6836,47780.2958,39921.9991,51345.134,20361.6856,1011.9114,2496.7095,1022.9344,673.5053,760.587,2358.922,1490.3096,1160.7219,1846.3525,26207.1825,20516.0076,1449.5245,1381.1819,432.1016
CIV,6943.3877,11575.2523,44859.2008,32418.643,39850.3496,39761.0633,58224.5883,82646.0448,60310.1399,43161.6588,32743.8215,42096.837,66994.4871,93019.7901,3593.498,3310.2069,26949.0304,17090.0592,,24250.6,1116.6299,,
JAM,8519.6767,15663.683,17415.2377,14446.7438,20191.9314,20089.4175,43023.8713,42558.7007,50436.8388,51819.123,51963.5243,28865.9301,40893.1254,45725.6086,48992.8258,42683.2606,32813.2664,31260.1257,9544.8157,19382.8432,29398.341,20390.3454,27619.2288
JPN,1623895.1324,1582149.9291,1551997.6149,1552538.8442,1456563.7878,1485678.8377,1155506.9187,889204.4663,808696.8835,784968.7737,855661.4773,1125417.4356,717449.5918,676841.9621,585039.1112,531196.1654,601512.9847,371909.4062,481338.0341,347734.8649,288491.7514,327690.6417,386610.7813
JOR,16.5345,493.8304,30871.0138,232.5853,197.3117,622.7995,632.7202,694.449,2340.1829,525.7971,553.3546,383.6004,471.7844,253.529,260.1428,248.0175,395.7257,189.5956,143.299,225.9715,77.161,76.0587,315.2578
KAZ,,,,,,,,,,2.2046,,,,,1.1023,,,34.1713,7.7161,,186.2887,,
KEN,89761.3913,48632.3737,34634.266,72744.0839,85618.9479,31665.7721,76345.298,115745.9092,43226.6945,145987.5097,112918.5097,157534.1022,87436.6406,95790.9723,99438.483,53974.1195,96229.6877,34681.6649,33069,193774.4193,47438.5828,27558.6023,105595.9308
KWT,,,44.092,984.3539,46.2966,60.6265,18.7391,73.8541,15.4322,16.5345,77.161,1.1023,98.1047,39.6828,98.1047,903.886,24.2506,3.3069,49.6035,9.9207,29.7621,13.2276,31.9667
LAO,,,,35032.1963,,,,,,,,,,,,,,,,,,,
LVA,,,,,,,,,,,,,,,,,48.5012,,,,,,163.1404
LBN,198.414,42.9897,85.9794,90.3886,48.5012,331.7923,113.5369,97.0024,160.9358,200.6186,282.1888,233.6876,58.4219,19.8414,9.9207,94.7978,153.2197,141.0944,66.138,127.8668,111.3323,85.9794,31.9667
LBR,294.3141,,333.9969,,,,529.104,525.7971,787.0422,256.8359,586.4236,1165.1311,781.5307,695.5513,941.3642,626.1064,410.0556,249.1198,1968.7078,271.1658,567.6845,481.7051,502.6488
LBY,,,,,,,,,,,,,,,,,,12.1253,,5.5115,,,311.9509
LIE,,,,,,,,,,,,,,,,,,,,,,,
LTU,,,,,,,,,,,31.9667,,,,,182.9818,235.8922,44.092,,19.8414,62.8311,,116.8438
LUX,,,,,,,,,,,,,,,,1032.8551,,,,,,,
MAC,,,,,,19.8414,,,,,,,,,,,,,,,,,
MKD,,,,,,,,,,,,,,,,,,,,,27.5575,,
MDG,,,,,,,,,,,,,,,,,,,,,,42.9897,3.3069
MWI,,,,300.9279,,,,,,,,,,,,,,,,,,3347.6851,2846.1386
MYS,23314.7473,24401.6151,54538.4971,64325.8188,47465.038,24128.2447,31143.2819,15079.464,22252.1301,53083.4611,100426.1438,31703.2503,36134.4963,1407.6371,11408.805,3635.3854,4018.9858,3084.2354,2684.1005,2266.3288,2362.2289,868.6124,2049.1757
MDV,,,,,,,,,,,,,,,,,66.138,,,,,,
MLI,,,,39.6828,138.8898,,,,,,,,,,,,49.6035,,895.0676,,,,3614.4417
MLT,,,,,,41.8874,,,,,,,,,1.1023,,,,,,,1.1023,
MHL,,,,72.7518,,,131.1737,,,,,,,,,,,,,,5.5115,,
MTQ,22063.6368,16203.81,7328.0904,6156.3455,7874.8312,15771.7084,23247.507,12334.737,21683.3433,15791.5498,14876.6408,20026.5864,14996.7915,24542.7095,10036.4415,24654.0418,14790.6614,14987.9731,11562.0247,2671.9752,13466.7991,7214.5535,12318.2025
MRT,,,,,,,,,,,,,,,1880.5238,,,,,,,,
MUS,,,5511.5,,,,,,,,,,,,,,,,,,19.8414,7.7161,
MEX,1074131.8258,911692.488600001,571306.6578,894741.3192,956765.5356,416856.791,887534.4818,940150.567700001,1044914.262,1144878.5421,1079403.0244,1143940.4848,1376772.7,1380478.6326,1505803.5288,1353062.227,1600771.083,1208372.1244,1001090.1209,829700.107700002,869579.117100001,1029994.6315,1205982.338
FSM,31.9667,,18.7391,19.8414,13.2276,,,,,,220.46,60.6265,15.4322,,16.5345,13.2276,,17.6368,,8.8184,,,
MCO,,,,,,,,,,,,,97.0024,,,,,,25.3529,,4232.832,,1.1023
MNG,,,,,,,,,,,,,,,1.1023,,,,,,,,
MSR,,,,,,,,,,,,,,,7.7161,,,,,,,,
MAR,213.8462,16177.3548,17170.5271,55049.9643,22.046,26.4552,31360.435,,20830.1631,66.138,5.5115,41.8874,110.23,264.552,,4206.3768,1110.0161,,,,,,
MOZ,,,,,,,,,,,,,,,,3.3069,88.184,,30.8644,,448.6361,,
MMR,,,,,,,,,,,,61.7288,,,,,,,,,,,
NAM,,,,,,,,,,,,20.9437,,,18.7391,,,,224.8692,,,,
NPL,,,,,,,,,,60786.3335,,,,,,,,,,,,80.4679,
NLD,1024067.5644,725811.6396,419818.6711,383345.7687,389400.7026,304381.4059,158266.0294,65554.8833,334032.1736,180540.2055,195907.3698,4931.6902,10643.8088,8710.3746,6692.0633,21208.252,9432.3811,9563.5548,34041.2286,11869.5664,13329.0116,18542.8906,22282.9945
ANT,255.7336,1841.9433,248.0175,84.8771,192.9025,9.9207,58.4219,,205.0278,28.6598,606.265,356.0429,327.3831,1258.8266,4.4092,1.1023,25.3529,1869.5008,30.8644,493.8304,66.138,181.8795,
NCL,,,,,,,,,,,1.1023,,,,,,,,,,,1.1023,1.1023
NZL,294122.2998,209193.3917,315582.9785,496260.9715,443338.4462,508830.4984,325400.0623,58851.797,9761.9688,70486.5735,91219.7342,194583.5075,162857.1089,142740.1339,178103.0202,186006.5112,77343.9818,9772.9918,30016.7313,121255.2046,22334.8026,51078.3774,97217.3485
NIC,10266.8222,27340.3469,7164.95,68.3426,22297.3244,13720.3281,14045.5066,7322.5789,7489.0262,12636.7672,11247.8692,12362.2945,27856.2233,22518.8867,30977.9369,30910.6966,14167.8619,42499.1765,20631.7491,32115.5105,7539.732,27481.4413,48204.6813
NER,,,,,,,,,,,,,1062.6172,,,,,,,,,,
NGA,20861.0275,12892.5008,1.1023,8486.6077,,11352.5877,31968.9046,19154.6671,23047.9907,10515.942,46902.865,24659.5533,17662.1529,11595.0937,6616.0046,20994.4058,66683.6385,34453.4888,42104.5531,9479.78,15974.5316,,14601.0658
NFK,,,,,,,,,,,,,,,,,,,,,,,
NOR,21858.609,66474.2015,24433.5818,155529.0185,89768.0051,63624.756,3.3069,868.6124,26.4552,,,13.2276,,13.2276,22.046,125.6622,307.5417,136.6852,127.8668,473.989,507.058,,
OMN,,33.069,,100.3093,17.6368,44.092,83.7748,105.8208,,80.4679,1.1023,,,,,19.8414,,1.1023,66.138,44.092,60.6265,13.2276,71.6495
PAK,632440.2158,673357.5918,786329.0119,806868.1678,554338.9539,329010.0948,683773.2245,337354.5058,708289.4788,391411.2978,324971.2676,408564.1881,208283.9942,303921.7468,463245.9842,709514.1341,370072.9744,,47.3989,160653.6112,124801.3037,78.2633,40785.1
PLW,,22.046,,,,,,,,9.9207,106.9231,,135.5829,103.6162,101.4116,26.4552,33.069,,,,,,
PAN,24465.5485,38198.0019,57426.5231,33925.4871,50314.4835,51339.6225,65774.241,26926.9844,33498.897,40264.8144,29702.5758,36434.3219,25413.5265,31141.0773,38128.557,38708.3668,27982.9878,21178.4899,22807.6893,15010.0191,23138.3793,26796.913,16864.0877
PRY,88.184,,,3470.0404,5804.7118,,,20.9437,,,,,,,,,,,,,,,
PER,51383.7145,39478.8745,33180.3323,69057.9927,109167.3828,42362.4913,121905.5616,130301.7807,153421.4209,159184.2453,166283.0573,227917.0595,196009.8837,187950.9684,223103.3154,199627.6323,312015.9357,180131.2522,238966.5147,318254.9537,187411.9437,233453.9124,367247.7795
PHL,842.1572,37339.3102,116411.6984,161113.2703,139050.7358,21007.6334,82900.6761,74577.2088,13642.0648,119924.7285,5874.1567,83617.1711,52751.6688,1818.795,26694.3991,1857.3755,1233.4737,972.2286,23152.7092,414.4648,674.6076,1176.1541,349.4291
PCN,,,,,,,,,,,,,4.4092,,,,,,,,,,
POL,31945.7563,,1818.795,1135.369,,,33.069,,,,2.2046,11.023,7.7161,9.9207,,41.8874,50.7058,19.8414,278.8819,76.0587,24.2506,76.0587,
PRT,5.5115,24067.6182,39.6828,30854.4793,2.2046,19.8414,34.1713,52.9104,458.5568,419.9763,16.5345,28.6598,14.3299,139.9921,51.8081,31.9667,128.9691,7.7161,87.0817,,106.9231,116.8438,6158.5501
QAT,,,,,,,,,,4.4092,,,,,,,,3.3069,2.2046,,54.0127,25.3529,47.3989
ZAF,178142.703,156020.6443,91573.5725,25417.9357,12166.0851,33045.8517,196.2094,12839.5904,1273.1565,19437.9582,60400.5285,50575.7286,81269.2721,33843.9169,68365.7483,21390.1315,129437.5775,20940.3931,28071.1718,23946.3652,9355.2201,20927.1655,39918.6922
ROU,160411.1052,68496.922,34722.45,34720.2454,,1.1023,7.7161,,174.1634,79.3656,188.4933,97.0024,76.0587,59.5242,58.4219,52.9104,56.2173,56.2173,34.1713,201.7209,40.7851,18.7391,70.5472
RUS,,,,68.3426,131.1737,116.8438,2403.014,2091.0631,4969.1684,191.8002,582.0144,1277.5657,407.851,,199.5163,3873.4822,1501.3326,1563.0614,227.0738,722.0065,4484.1564,160.9358,23.1483
SAU,91834.8176,93951.2336,955.6941,43114.2599,1493.6165,55.115,810.1905,1104.5046,87.0817,25473.0507,31335.0821,566.5822,545.6385,218.2554,6097.9236,2367.7404,594.1397,425.4878,1672.1891,597.4466,211.6416,348.3268,639.334
SEN,,,,17360.1227,,,7716.1,,,41481.7536,,,,,44.092,,,,,30864.4,32051.5771,45743.2454,18186.8477
SRB,,,,,,,,,,,,,,,,,,,18.7391,,,,
SCG,,,,,,,,19.8414,,,,,,,,,,,,,,,
SYC,,,,,,,,,,,,,5.5115,,,,,,,,,,
SLE,,,,22.046,,,,,,,,92.5932,,22.046,,,,,,,,,
SGP,11397.782,760.587,547.8431,7168.2569,1891.5468,1565.266,1448.4222,23744.6443,1927.9227,1251.1105,2285.0679,4760.8337,4436.7575,3075.417,2185.8609,2302.7047,5378.1217,9912.9839,7142.904,1609.358,1598.335,7116.4488,10586.4892
SVK,,,,,,,,,,,,,,,,8.8184,8.8184,,,,,,
SVN,,,,,,,,,,,,,122.3553,42.9897,,,,,,,,1.1023,
SLB,,,,,,,,,,,,,,,,,,,,,,,
KOR,1716765.0097,1451078.743,1685736.367,1786023.621,1408423.0399,1486559.5754,1303879.8056,809020.9597,786965.039,680658.1247,881442.0697,713727.1247,793425.6193,779526.7186,595303.7288,764798.8883,332469.1122,189476.5516,17896.9428,17054.7856,35112.6642,22262.0508,19080.813
ESP,113789.3267,62457.4203,54351.1061,12081.208,10921.5884,45507.3532,705.472,755.0755,1036.162,1181.6656,12187.0288,4467.6219,4968.0661,2193.577,4253.7757,1533.2993,1768.0892,4628.5577,1148.5966,424.3855,639.334,1749.3501,1189.3817
LKA,77.161,81.5702,370.3728,375.8843,18.7391,38.5805,113.5369,57.3196,155.4243,16.5345,115.7415,38.5805,153.2197,85.9794,,,16.5345,3.3069,217.1531,37.4782,5.5115,5.5115,
SHN,,,,,,,,,,,,,,74.9564,,,,,,,,,
KNA,,,,,,17.6368,,13.2276,,,,18.7391,,20.9437,35.2736,2.2046,,,27.5575,,,3.3069,1.1023
LCA,7.7161,622.7995,19.8414,57.3196,167.5496,27.5575,7.7161,3968.28,5535.7506,5448.6689,1653.45,2.2046,37.4782,4.4092,,,,2.2046,,,24.2506,,
VCT,,11.023,,,12.1253,,,,,,,12.1253,,,,9.9207,1.1023,,4.4092,18.7391,,,
SUR,438.7154,1442.9107,2300.5001,4962.5546,1930.1273,1291.8956,1388.898,1050.4919,1178.3587,3332.2529,171.9588,282.1888,85.9794,331.7923,1683.2121,29.7621,80.4679,1.1023,16.5345,16.5345,,5.5115,
SWE,234148.3614,128304.4131,636.0271,4236.1389,3287.0586,5038.6133,7083.3798,19673.8504,8793.0471,3203.2838,1677.7006,127.8668,2884.7191,2839.5248,1425.2739,1646.8362,2888.026,2827.3995,3044.5526,1570.7775,3137.1458,1798.9536,3163.601
CHE,20355.0718,8724.7045,26255.6837,36719.8176,12244.3484,1697.542,61.7288,130.0714,572.0937,1037.2643,876.3285,516.9787,891.7607,607.3673,33509.92,1241.1898,361.5544,1042.7758,611.7765,276.6773,154.322,330.69,63.9334
SYR,3.3069,109.1277,770.5077,464.0683,596.3443,359.3498,535.7178,1160.7219,935.8527,533.5132,696.6536,277.7796,542.3316,464.0683,61.7288,,,16.5345,,,,,
TZA,,,,,,,,,,,,,,,,39682.8,,,,39237.4708,,7716.1,2671.9752
THA,88383.5163,133090.5997,169647.2769,164882.034,312751.1698,334575.6075,484781.6193,407858.7161,643073.0016,712145.3242,409544.1328,446970.5247,300823.1815,330001.0625,132481.0278,154962.4363,152837.2019,90784.3257,56421.2255,81457.7654,119437.5119,80218.7802,90676.3003
TGO,1.1023,,152.1174,,,,,,,,,,,,,,,,,,,,
TON,,458.5568,,,15.4322,,,,,,,,,,,,,,,,,,
TTO,3707.0349,2592.6096,2903.4582,2799.842,1995.163,1746.0432,4197.5584,954.5918,1757.0662,49.6035,159.8335,445.3292,10457.5201,1668.8822,1705.2581,1623.6879,97.0024,2441.5945,2099.8815,2917.7881,591.9351,2479.0727,928.1366
TUN,,52.9104,,,,,,,,,,239.1991,,,,,,2.2046,46.2966,,,47.3989,38.5805
TUR,583758.2386,339330.9297,107824.7814,144217.2159,71031.1097,189113.8949,20058.5531,166441.7885,145278.7308,1727.3041,49570.431,160.9358,965.6148,659.1754,110651.0786,129698.8226,6819.9301,1908.0813,27242.2422,32089.0553,3039.0411,3149.2711,11075.9104
TKM,,,,,,57.3196,,,,,,,,,,,,,,,,,
TCA,,,22.046,,15.4322,,,6.6138,8.8184,40.7851,39.6828,199.5163,13.2276,2.2046,,16.5345,17.6368,523.5925,13.2276,,,1.1023,
UGA,,,,,,,,,,,,,,1.1023,,,,,,,,2378.7634,220.46
UKR,,,,,,,,142.1967,,,,4.4092,,,210.5393,842.1572,35.2736,,411.1579,12.1253,1493.6165,271.1658,66.138
ARE,40.7851,23.1483,89.2863,250.2221,1161.8242,349.4291,573.196,785.9399,972.2286,576.5029,1220.2461,91.4909,104.7185,682.3237,308.644,152.1174,302.0302,577.6052,2028.232,1444.013,36665.8049,2148.3827,1288.5887
GBR,38694.0369,39144.8776,75321.2613,18947.4347,4781.7774,37251.1262,9778.5033,12373.3175,12086.7195,11380.1452,6033.9902,4144.648,6484.8309,12442.7624,8886.7426,6979.7636,5486.1471,7192.5075,7513.2768,32200.3876,5611.8093,9039.9623,7149.5178
URY,77513.736,35464.2979,125413.0802,49283.833,79461.5001,104617.0884,155163.0549,76630.7937,64693.987,39120.627,33956.3515,64385.343,24128.2447,70967.1763,78186.139,59.5242,57339.4414,39323.4502,43766.8215,86223.0083,76.0587,22471.4878,54604.6351
UZB,,,,,,,101.4116,,,,,3.3069,,,,,,,,,,,
VUT,,,,,,,,,,,,,,,,,,,,,,,1.1023
VEN,215447.8419,123954.7373,174788.4041,100127.4205,120159.5184,128688.0135,124963.3418,132295.8414,47795.728,40660.5401,72579.8412,57795.7936,70710.3404,145202.6721,167535.2701,34864.6467,117453.3719,43355.6636,21348.2441,7123.0626,79545.2749,24334.3748,106077.6359
VNM,,,,34719.1431,115328.1375,195280.1611,320613.8757,95196.8326,233320.5341,264736.0841,223739.3425,142590.2211,181715.2573,109348.16,154.322,40240.5638,310.8486,552.2523,1482.5935,217159.7138,466.2729,132.276,73.8541
YEM,,,,,,,,,,,19.8414,,,,,,,,,,,,
ZMB,,,,,,,,,1.1023,,,,,,,30.8644,,,,,986.5585,,
ZWE,42.9897,,,5566.615,5511.5,10596.4099,23130.6632,,,,,,4.4092,,,,,,,,,,
